;date;India;Japan;Hungary;Germany;US
0;2020-01-22;0;2;0;0;1
1;2020-01-23;0;2;0;0;1
2;2020-01-24;0;2;0;0;2
3;2020-01-25;0;2;0;0;2
4;2020-01-26;0;4;0;0;5
5;2020-01-27;0;4;0;1;5
6;2020-01-28;0;7;0;4;5
7;2020-01-29;0;7;0;4;6
8;2020-01-30;1;11;0;4;6
9;2020-01-31;1;15;0;5;8
10;2020-02-01;1;20;0;8;8
11;2020-02-02;2;20;0;10;8
12;2020-02-03;3;20;0;12;11
13;2020-02-04;3;22;0;12;11
14;2020-02-05;3;23;0;12;11
15;2020-02-06;3;23;0;12;12
16;2020-02-07;3;23;0;13;12
17;2020-02-08;3;24;0;13;12
18;2020-02-09;3;24;0;14;12
19;2020-02-10;3;26;0;14;12
20;2020-02-11;3;27;0;16;13
21;2020-02-12;3;28;0;16;13
22;2020-02-13;3;33;0;16;14
23;2020-02-14;3;43;0;16;14
24;2020-02-15;3;54;0;16;14
25;2020-02-16;3;60;0;16;14
26;2020-02-17;3;67;0;16;14
27;2020-02-18;3;79;0;16;14
28;2020-02-19;3;85;0;16;14
29;2020-02-20;3;95;0;16;14
30;2020-02-21;3;112;0;16;16
31;2020-02-22;3;137;0;16;16
32;2020-02-23;3;149;0;16;16
33;2020-02-24;3;160;0;16;16
34;2020-02-25;3;173;0;16;16
35;2020-02-26;3;192;0;21;16
36;2020-02-27;3;218;0;26;17
37;2020-02-28;3;236;0;53;17
38;2020-02-29;3;245;0;66;25
39;2020-03-01;3;259;0;117;32
40;2020-03-02;5;278;0;150;55
41;2020-03-03;5;298;0;188;74
42;2020-03-04;28;333;2;240;107
43;2020-03-05;30;365;2;349;184
44;2020-03-06;31;420;2;534;237
45;2020-03-07;34;466;4;684;403
46;2020-03-08;39;499;7;847;519
47;2020-03-09;43;527;9;1112;594
48;2020-03-10;56;585;9;1296;782
49;2020-03-11;62;640;13;1567;1147
50;2020-03-12;73;696;13;2369;1586
51;2020-03-13;82;733;19;3062;2219
52;2020-03-14;102;795;30;3795;2978
53;2020-03-15;113;826;32;4838;3212
54;2020-03-16;119;843;39;6012;4679
55;2020-03-17;142;893;50;7156;6512
56;2020-03-18;156;928;58;8198;9169
57;2020-03-19;194;968;73;10999;13663
58;2020-03-20;244;1022;85;13957;20030
59;2020-03-21;330;1059;103;16662;26025
60;2020-03-22;396;1104;131;18610;34944
61;2020-03-23;499;1144;167;22672;46096
62;2020-03-24;536;1217;187;27436;56714
63;2020-03-25;657;1314;226;31554;68841
64;2020-03-26;727;1416;261;36508;86662
65;2020-03-27;887;1530;300;42288;105253
66;2020-03-28;987;1728;343;48582;127417
67;2020-03-29;1024;1907;408;52547;143544
68;2020-03-30;1251;2001;447;57298;165698
69;2020-03-31;1397;2255;492;61913;192079
70;2020-04-01;1998;2535;525;67366;223254
71;2020-04-02;2543;2818;585;73522;255530
72;2020-04-03;2567;3154;623;79696;287931
73;2020-04-04;3082;3525;678;85778;319776
74;2020-04-05;3588;3876;733;91714;349016
75;2020-04-06;4778;4110;744;95391;380798
76;2020-04-07;5311;4485;817;99225;410834
77;2020-04-08;5916;5020;895;103228;441897
78;2020-04-09;6725;5614;980;108202;477507
79;2020-04-10;7598;6250;1190;113525;511790
80;2020-04-11;8446;6951;1310;117658;540714
81;2020-04-12;9205;7473;1410;120479;567022
82;2020-04-13;10453;7773;1458;123016;594165
83;2020-04-14;11487;8277;1512;125098;622493
84;2020-04-15;12322;8835;1579;127584;648390
85;2020-04-16;13430;9398;1652;130450;678028
86;2020-04-17;14352;9958;1763;133830;711135
87;2020-04-18;15722;10548;1834;137439;738464
88;2020-04-19;17615;10914;1916;139897;763886
89;2020-04-20;18539;11258;1984;141672;793970
90;2020-04-21;20080;11641;2098;143457;820045
91;2020-04-22;21370;12037;2168;145694;849926
92;2020-04-23;23077;12469;2284;148046;881891
93;2020-04-24;24530;12854;2443;150383;913856
94;2020-04-25;26283;13186;2443;152438;944770
95;2020-04-26;27890;13405;2500;154175;970741
96;2020-04-27;29451;13576;2583;155193;995391
97;2020-04-28;31324;13860;2649;156337;1019964
98;2020-04-29;33062;14076;2727;157641;1046816
99;2020-04-30;34863;14284;2775;159119;1076518
100;2020-05-01;37257;14558;2863;160758;1111410
101;2020-05-02;39699;14861;2942;161703;1138174
102;2020-05-03;42505;15061;2998;162496;1161907
103;2020-05-04;46437;15229;3035;163175;1185709
104;2020-05-05;49400;15354;3065;163860;1209728
105;2020-05-06;52987;15455;3111;164807;1234210
106;2020-05-07;56351;15553;3150;166091;1261949
107;2020-05-08;59695;15640;3178;167300;1289132
108;2020-05-09;62808;15755;3213;168551;1313586
109;2020-05-10;67161;15824;3263;169218;1332333
110;2020-05-11;70768;15861;3284;169575;1351410
111;2020-05-12;74292;15948;3313;170508;1374792
112;2020-05-13;78055;15998;3341;171306;1394807
113;2020-05-14;81997;16096;3380;172239;1420697
114;2020-05-15;85784;16148;3417;173152;1445548
115;2020-05-16;90648;16202;3473;173772;1469598
116;2020-05-17;95698;16226;3509;174355;1488327
117;2020-05-18;100328;16259;3535;174697;1510635
118;2020-05-19;106475;16287;3556;175210;1531138
119;2020-05-20;112028;16321;3598;176007;1553964
120;2020-05-21;118226;16362;3641;176752;1579116
121;2020-05-22;124794;16385;3678;177212;1602945
122;2020-05-23;131423;16410;3713;177850;1623134
123;2020-05-24;138536;16451;3741;178281;1643308
124;2020-05-25;144950;16472;3756;178570;1662402
125;2020-05-26;150793;16502;3771;179002;1681128
126;2020-05-27;158086;16528;3793;179364;1699891
127;2020-05-28;165386;16588;3816;179717;1721158
128;2020-05-29;173491;16661;3841;180458;1746240
129;2020-05-30;181827;16706;3867;181196;1769320
130;2020-05-31;190609;16741;3876;181482;1788239
131;2020-06-01;198370;16778;3892;181815;1806079
132;2020-06-02;207191;16829;3921;182028;1826169
133;2020-06-03;216824;16858;3931;182370;1845325
134;2020-06-04;226713;16902;3954;182764;1873259
135;2020-06-05;236184;16949;3970;183271;1899699
136;2020-06-06;246622;16995;3990;183678;1919968
137;2020-06-07;257486;17033;4008;183979;1937794
138;2020-06-08;265928;17054;4014;184193;1954694
139;2020-06-09;276146;17099;4017;184543;1975015
140;2020-06-10;286605;17135;4027;184861;1996733
141;2020-06-11;297535;17179;4039;185416;2019011
142;2020-06-12;308993;17240;4053;185674;2044569
143;2020-06-13;320922;17285;4064;186022;2068726
144;2020-06-14;332424;17360;4069;186269;2087627
145;2020-06-15;343091;17432;4076;186461;2108626
146;2020-06-16;354065;17474;4077;186839;2133175
147;2020-06-17;366946;17520;4078;187184;2160225
148;2020-06-18;380532;17589;4079;187764;2188452
149;2020-06-19;395048;17650;4081;188534;2219506
150;2020-06-20;410451;17714;4086;189135;2251332
151;2020-06-21;425282;17769;4094;189822;2277168
152;2020-06-22;440215;17812;4102;190359;2306969
153;2020-06-23;456183;17869;4107;190862;2345698
154;2020-06-24;473105;17965;4114;191449;2381949
155;2020-06-25;490401;18047;4123;192079;2421248
156;2020-06-26;508953;18152;4127;192556;2470294
157;2020-06-27;528859;18244;4138;193243;2511048
158;2020-06-28;548318;18357;4142;193499;2553973
159;2020-06-29;566840;18467;4145;193761;2595268
160;2020-06-30;585481;18605;4155;194259;2645092
161;2020-07-01;604641;18732;4157;194725;2694215
162;2020-07-02;625544;18926;4166;195228;2749158
163;2020-07-03;648315;19176;4172;195674;2800662
164;2020-07-04;673165;19450;4174;196096;2846607
165;2020-07-05;697413;19658;4183;196335;2900335
166;2020-07-06;719664;19834;4189;196554;2943500
167;2020-07-07;742417;20042;4205;196944;3000731
168;2020-07-08;767296;20249;4210;197341;3061037
169;2020-07-09;793802;20604;4220;197783;3120693
170;2020-07-10;820916;21034;4223;198178;3189552
171;2020-07-11;849522;21420;4229;198556;3249991
172;2020-07-12;878254;21827;4234;198804;3310123
173;2020-07-13;906752;22086;4247;198963;3369487
174;2020-07-14;936181;22419;4258;199375;3435149
175;2020-07-15;968857;22869;4263;199726;3501175
176;2020-07-16;1003832;23493;4279;200260;3571989
177;2020-07-17;1039084;24090;4293;200843;3638461
178;2020-07-18;1077781;24751;4315;201372;3702783
179;2020-07-19;1118206;25262;4333;201574;3761715
180;2020-07-20;1155338;25680;4339;201823;3822378
181;2020-07-21;1193078;26312;4347;202345;3890572
182;2020-07-22;1238798;27107;4366;202799;3958117
183;2020-07-23;1288108;28088;4380;203368;4026003
184;2020-07-24;1337024;28867;4398;204183;4101150
185;2020-07-25;1385635;29668;4424;204964;4165350
186;2020-07-26;1435616;30507;4435;205269;4221189
187;2020-07-27;1480073;31107;4448;205609;4280913
188;2020-07-28;1531669;32092;4456;206242;4345743
189;2020-07-29;1581963;33362;4465;206926;4409871
190;2020-07-30;1634746;34670;4484;207828;4479112
191;2020-07-31;1695988;36256;4505;208698;4543688
192;2020-08-01;1750723;37790;4526;209653;4601266
193;2020-08-02;1803695;39121;4535;209893;4648375
194;2020-08-03;1855745;40086;4544;210402;4690059
195;2020-08-04;1908254;41332;4553;211281;4751716
196;2020-08-05;1964536;42687;4564;212022;4806064
197;2020-08-06;2027074;44172;4597;213067;4866244
198;2020-08-07;2088611;45777;4621;214214;4926831
199;2020-08-08;2153010;47348;4653;215336;4990764
200;2020-08-09;2215074;48789;4696;215891;5045031
201;2020-08-10;2268675;49627;4731;216327;5096648
202;2020-08-11;2329638;50324;4746;217293;5153603
203;2020-08-12;2396637;51303;4768;218519;5208847
204;2020-08-13;2461190;52475;4813;219964;5260503
205;2020-08-14;2525922;53831;4853;221413;5330628
206;2020-08-15;2589952;55062;4877;222828;5383023
207;2020-08-16;2647663;56079;4916;223453;5417685
208;2020-08-17;2702681;56726;4946;224014;5455534
209;2020-08-18;2767253;57642;4970;225404;5500436
210;2020-08-19;2836925;58712;5002;226914;5546320
211;2020-08-20;2905825;59890;5046;228621;5591448
212;2020-08-21;2975701;60927;5098;230048;5639039
213;2020-08-22;3044940;61911;5133;232082;5684712
214;2020-08-23;3106348;62655;5155;232864;5716623
215;2020-08-24;3167323;63148;5191;233575;5750546
216;2020-08-25;3224547;63863;5215;234853;5793219
217;2020-08-26;3310234;64766;5288;236429;5835292
218;2020-08-27;3387500;65629;5379;237936;5885810
219;2020-08-28;3463972;66505;5511;239507;5932280
220;2020-08-29;3542733;67349;5669;240986;5975383
221;2020-08-30;3621245;67949;5961;241771;6009514
222;2020-08-31;3691166;68385;6139;242381;6042876
223;2020-09-01;3769523;69018;6257;243599;6084854
224;2020-09-02;3853406;69610;6622;244855;6124815
225;2020-09-03;3936747;70267;6923;246166;6169955
226;2020-09-04;4023179;70854;7382;247619;6218289
227;2020-09-05;4113811;71452;7892;248997;6261912
228;2020-09-06;4204613;71903;8387;249985;6291031
229;2020-09-07;4280422;72194;8963;250799;6315594
230;2020-09-08;4370128;72703;9304;252298;6342338
231;2020-09-09;4465863;73211;9715;253474;6375976
232;2020-09-10;4562414;73923;10191;255366;6415424
233;2020-09-11;4659984;74565;10909;256850;6460047
234;2020-09-12;4754356;75211;11825;258480;6505630
235;2020-09-13;4846427;75650;12309;259428;6545921
236;2020-09-14;4930236;75916;13153;260355;6578485
237;2020-09-15;5020359;76447;13879;261762;6615663
238;2020-09-16;5118253;76998;14460;263663;6653955
239;2020-09-17;5214677;77487;15170;265857;6699274
240;2020-09-18;5308014;78059;16111;267773;6749458
241;2020-09-19;5400619;78655;16920;270070;6795236
242;2020-09-20;5487580;79135;17990;271415;6836846
243;2020-09-21;5562663;79445;18866;272337;6868889
244;2020-09-22;5646010;79776;19499;274158;6907160
245;2020-09-23;5732518;79995;20450;275927;6948280
246;2020-09-24;5818570;80477;21200;278070;6997163
247;2020-09-25;5903932;81050;22127;280223;7044299
248;2020-09-26;5992532;81689;23077;282730;7087846
249;2020-09-27;6074702;82174;24014;284140;7121625
250;2020-09-28;6145291;82476;24716;285332;7159365
251;2020-09-29;6225763;83003;25567;287421;7201398
252;2020-09-30;6312584;83579;26461;289219;7240029
253;2020-10-01;6394068;84212;27309;291722;7286273
254;2020-10-02;6473544;84754;28631;294395;7339716
255;2020-10-03;6549373;85328;29717;296958;7388997
256;2020-10-04;6623815;85728;30575;299237;7422128
257;2020-10-05;6685082;86007;31480;300619;7459485
258;2020-10-06;6757131;86507;32298;303258;7504030
259;2020-10-07;6835655;87013;33114;306086;7553167
260;2020-10-08;6906151;87640;34046;310144;7611057
261;2020-10-09;6979423;88243;35222;314660;7666136
262;2020-10-10;7053806;88921;36596;319381;7721502
263;2020-10-11;7120538;89357;37664;322864;7768402
264;2020-10-12;7175880;89635;38837;325331;7810482
265;2020-10-13;7239389;90133;39862;329453;7860605
266;2020-10-14;7307097;90685;40782;334585;7919047
267;2020-10-15;7370468;91393;41732;341223;7982584
268;2020-10-16;7432680;92032;43025;348557;8052758
269;2020-10-17;7494551;92655;44816;356387;8107590
270;2020-10-18;7550273;93085;46290;361974;8159760
271;2020-10-19;7597063;93401;47768;366299;8227642
272;2020-10-20;7651107;93882;48757;373167;8289379
273;2020-10-21;7706946;94497;50180;380762;8350085
274;2020-10-22;7761312;95113;52212;392049;8429706
275;2020-10-23;7814682;95858;54278;403291;8511366
276;2020-10-24;7864811;96584;56098;418005;8589741
277;2020-10-25;7909959;97077;59247;429181;8650716
278;2020-10-26;7946429;97487;61563;437866;8715280
279;2020-10-27;7990322;98133;63642;449275;8792503
280;2020-10-28;8040203;98864;65933;464239;8878980
281;2020-10-29;8088851;99672;68127;481013;8970273
282;2020-10-30;8137119;100446;71413;499694;9070122
283;2020-10-31;8184082;101323;75321;518753;9157465
284;2020-11-01;8229313;101936;79199;532930;9235295
285;2020-11-02;8267623;102423;82780;545027;9317102
286;2020-11-03;8313876;103288;86769;560379;9441868
287;2020-11-04;8364086;103912;90988;577593;9542130
288;2020-11-05;8411724;104960;94916;597583;9670211
289;2020-11-06;8462080;106103;99625;619089;9797267
290;2020-11-07;8507754;107436;104943;642488;9924331
291;2020-11-08;8553657;108386;109616;658505;10044004
292;2020-11-09;8591730;109166;114778;671868;10160960
293;2020-11-10;8636011;110449;118918;687200;10297512
294;2020-11-11;8683916;111993;122863;705687;10445194
295;2020-11-12;8728795;113652;126790;727553;10603990
296;2020-11-13;8773479;115356;131887;751095;10783508
297;2020-11-14;8814579;117091;136723;773556;10947558
298;2020-11-15;8845127;118530;140961;790503;11087273
299;2020-11-16;8874290;119480;147456;801327;11240360
300;2020-11-17;8912907;121180;152659;815746;11405007
301;2020-11-18;8958483;123374;156949;833307;11576977
302;2020-11-19;9004365;125759;161461;855916;11769278
303;2020-11-20;9050597;128180;165901;879564;11970947
304;2020-11-21;9095806;130772;170298;902528;12150765
305;2020-11-22;9139865;132931;174618;918269;12297352
306;2020-11-23;9177840;134449;177952;929133;12478864
307;2020-11-24;9222216;135678;181881;942687;12652424
308;2020-11-25;9266705;137620;185687;961320;12832636
309;2020-11-26;9309787;140120;192047;983588;12949886
310;2020-11-27;9351109;142651;198440;1006394;13164520
311;2020-11-28;9392919;145326;204708;1028089;13332744
312;2020-11-29;9431691;147388;211527;1042700;13473094
313;2020-11-30;9462809;148824;217122;1053869;13628010
314;2020-12-01;9499413;150857;221073;1067473;13825125
315;2020-12-02;9534964;153289;225209;1084743;14021288
316;2020-12-03;9571559;155806;231844;1106789;14241509
317;2020-12-04;9608211;158258;238056;1130238;14476879
318;2020-12-05;9644222;160766;243581;1153556;14698889
319;2020-12-06;9677203;162804;250278;1171323;14878214
320;2020-12-07;9703770;164335;254148;1183655;15073674
321;2020-12-08;9735850;166511;256367;1197709;15300731
322;2020-12-09;9767371;169321;259588;1218524;15516738
323;2020-12-10;9796744;172290;265003;1242203;15753682
324;2020-12-11;9826775;175085;271200;1272078;15992585
325;2020-12-12;9857029;178122;276247;1300516;16217119
326;2020-12-13;9884100;180505;280400;1320716;16408717
327;2020-12-14;9906165;182186;283870;1337078;16618545
328;2020-12-15;9932547;184612;285763;1351510;16844860
329;2020-12-16;9956557;187608;288567;1379238;17079664
330;2020-12-17;9979447;190817;291549;1406161;17319910
331;2020-12-18;10004599;193654;295977;1439938;17567855
332;2020-12-19;10031223;196643;300022;1471238;17773707
333;2020-12-20;10055560;199134;302989;1494009;17960902
334;2020-12-21;10075116;200945;305130;1510652;18157760
335;2020-12-22;10099066;203639;306368;1530180;18363691
336;2020-12-23;10123778;206915;308262;1554920;18585131
337;2020-12-24;10146845;210661;311554;1587115;18798079
338;2020-12-25;10169118;214493;314164;1612648;18925256
339;2020-12-26;10187850;218378;315362;1627103;19142696
340;2020-12-27;10207871;221322;316060;1640858;19278657
341;2020-12-28;10224303;223719;316669;1651834;19451959
342;2020-12-29;10244852;227346;317571;1664726;19657930
343;2020-12-30;10266674;231217;319543;1687185;19876227
344;2020-12-31;10286709;235749;322514;1719737;20191315
345;2021-01-01;10305788;239005;325278;1742661;20370218
346;2021-01-02;10323965;242076;326688;1755351;20642497
347;2021-01-03;10340469;245242;327995;1765666;20845898
348;2021-01-04;10356844;248585;328851;1775513;21031400
349;2021-01-05;10374932;253534;329721;1787410;21264264
350;2021-01-06;10395278;259583;331768;1808647;21524027
351;2021-01-07;10413417;267225;334836;1835038;21810271
352;2021-01-08;10413417;275182;337743;1866887;22114339
353;2021-01-09;10450284;283036;340459;1891581;22379078
354;2021-01-10;10466595;289144;342237;1908527;22589921
355;2021-01-11;10479179;294050;343656;1921024;22793884
356;2021-01-12;10495147;298647;344352;1933826;23015698
357;2021-01-13;10512093;304564;345710;1953426;23245029
358;2021-01-14;10527683;311220;347636;1978590;23480606
359;2021-01-15;10542841;318393;349149;2000958;23725604
360;2021-01-16;10557985;325435;350587;2019636;23943293
361;2021-01-17;10571773;331195;351828;2033518;24119847
362;2021-01-18;10581823;336132;352703;2040659;24260675
363;2021-01-19;10595639;341467;353276;2052028;24417570
364;2021-01-20;10610883;347029;354252;2068002;24604952
365;2021-01-21;10625428;352693;355662;2088400;24797504
366;2021-01-22;10639684;357750;356973;2106262;24989279
367;2021-01-23;10654533;362476;358317;2122679;25167454
368;2021-01-24;10667736;366466;359574;2134936;25307600
369;2021-01-25;10676838;369229;360418;2141665;25437201
370;2021-01-26;10689527;373082;360877;2148077;25588209
371;2021-01-27;10701193;377056;361881;2161275;25743665
372;2021-01-28;10720048;381187;363450;2178828;25910426
373;2021-01-29;10733130;384725;364909;2192850;26074169
374;2021-01-30;10746174;388067;366279;2205171;26225109
375;2021-01-31;10757610;390740;367586;2216363;26337967
376;2021-02-01;10766245;392533;368710;2221971;26463281
377;2021-02-02;10777284;394857;369288;2228085;26580311
378;2021-02-03;10790183;397491;370336;2237790;26704683
379;2021-02-04;10802591;400069;371988;2252001;26829713
380;2021-02-05;10814304;402439;373564;2264909;26960825
381;2021-02-06;10826363;404716;375125;2275394;27077685
382;2021-02-07;10838194;406346;376495;2284010;27167114
383;2021-02-08;10847304;407563;377655;2288545;27249913
384;2021-02-09;10858371;409131;378734;2291924;27345294
385;2021-02-10;10871294;411017;380013;2299996;27440577
386;2021-02-11;10880603;412707;381875;2310233;27547349
387;2021-02-12;10892746;414007;383735;2320093;27647931
388;2021-02-13;10904940;415367;385755;2328447;27738689
389;2021-02-14;10916589;416729;387462;2334561;27806997
390;2021-02-15;10925710;417694;388799;2338987;27862445
391;2021-02-16;10937320;419002;389622;2342843;27921667
392;2021-02-17;10950201;420450;391170;2350399;27990512
393;2021-02-18;10963394;421986;394023;2360606;28063092
394;2021-02-19;10977387;423287;397116;2369719;28138250
395;2021-02-20;10991651;424520;400111;2378883;28212033
396;2021-02-21;11005850;425552;403023;2386559;28267298
397;2021-02-22;11016434;426292;405646;2390928;28322781
398;2021-02-23;11030176;427373;407274;2394811;28396641
399;2021-02-24;11046914;428294;410129;2402818;28471666
400;2021-02-25;11063491;429370;414514;2414687;28548945
401;2021-02-26;11079979;430424;419182;2424684;28624365
402;2021-02-27;11096731;431637;424130;2434446;28695654
403;2021-02-28;11112241;432636;428599;2442336;28747418
404;2021-03-01;11124527;433334;432925;2447068;28797858
405;2021-03-02;11139516;434222;435689;2451011;28856276
406;2021-03-03;11156923;435465;439900;2460030;28923327
407;2021-03-04;11173761;436634;446178;2471942;28992271
408;2021-03-05;11192045;437782;452547;2482522;29060150
409;2021-03-06;11210799;438825;459816;2492079;29121181
410;2021-03-07;11229398;439896;466017;2500182;29162792
411;2021-03-08;11244786;440496;468713;2505193;29206884
412;2021-03-09;11262707;441623;475207;2509445;29262387
413;2021-03-10;11285561;442936;480860;2518591;29320159
414;2021-03-11;11308846;444253;489172;2532947;29381951
415;2021-03-12;11333728;445524;498183;2545781;29444556
416;2021-03-13;11359048;446843;507627;2558455;29501376
417;2021-03-14;11385339;447830;516490;2569245;29540650
418;2021-03-15;11409831;448525;524196;2575849;29591683
419;2021-03-16;11438734;449658;529122;2581329;29645750
420;2021-03-17;11474605;451191;532578;2594764;29705024
421;2021-03-18;11514331;452688;539080;2612268;29767414
422;2021-03-19;11555284;454151;549839;2629750;29829046
423;2021-03-20;11599130;455667;560971;2645783;29887913
424;2021-03-21;11646081;456785;571596;2659516;29923291
425;2021-03-22;11686796;457601;580642;2667225;29970715
426;2021-03-23;11734058;459101;586123;2674710;30023573
427;2021-03-24;11787534;461018;593710;2690523;30111330
428;2021-03-25;11846652;462933;603347;2713180;30178957
429;2021-03-26;11908910;464958;614612;2734753;30255328
430;2021-03-27;11971624;467029;624779;2755225;30319383
431;2021-03-28;12039644;468811;633861;2772401;30365703
432;2021-03-29;12095855;470156;641124;2782273;30431575
433;2021-03-30;12149335;472243;645733;2791822;30493265
434;2021-03-31;12221665;475086;652433;2808873;30562795
435;2021-04-01;12303131;477691;661721;2833173;30639651
436;2021-04-02;12392260;480445;670776;2855061;30713675
437;2021-04-03;12485509;483217;679413;2873190;30778555
438;2021-04-04;12589067;485684;685979;2885386;30816478
439;2021-04-05;12686049;487255;689853;2893883;30883565
440;2021-04-06;12801785;489921;691743;2900768;30946391
441;2021-04-07;12928574;493369;693676;2910445;31022168
442;2021-04-08;13060542;496865;698490;2930852;31102234
443;2021-04-09;13205926;500353;705815;2956316;31186987
444;2021-04-10;13358805;504118;713868;2980413;31257522
445;2021-04-11;13527717;506954;720164;2998268;31304978
446;2021-04-12;13689453;509058;725241;3011513;31367160
447;2021-04-13;13873825;512510;728078;3022323;31448001
448;2021-04-14;14074564;516817;731675;3044016;31523605
449;2021-04-15;14291917;521386;736982;3073442;31597587
450;2021-04-16;14526609;525910;742198;3099273;31681060
451;2021-04-17;14788003;530703;746802;3123077;31736547
452;2021-04-18;15061805;534787;750508;3142262;31780376
453;2021-04-19;15320972;537690;753188;3153699;31838922
454;2021-04-20;15616130;542040;754833;3163308;31901362
455;2021-04-21;15930774;547326;757360;3188192;31965709
456;2021-04-22;16263695;552818;760967;3217710;32032428
457;2021-04-23;16610481;557922;764394;3245253;32095323
458;2021-04-24;16960172;563517;767190;3268645;32150295
459;2021-04-25;17313163;568116;769518;3287418;32185064
460;2021-04-26;17636186;571430;771454;3299325;32227351
461;2021-04-27;17997113;576391;772707;3310301;32279633
462;2021-04-28;18376421;582174;774399;3332532;32334819
463;2021-04-29;18762976;588087;776983;3357268;32393645
464;2021-04-30;19164969;592771;779348;3381597;32451748
465;2021-05-01;19557457;598754;781299;3400532;32500524
466;2021-05-02;19925517;604644;782892;3416822;32531080
467;2021-05-03;20282833;609108;784111;3425982;32575702
468;2021-05-04;20664979;613298;784837;3433516;32618597
469;2021-05-05;21077410;617358;785967;3451550;32664640
470;2021-05-06;21491598;621728;787647;3473503;32710819
471;2021-05-07;21892676;627778;789188;3491988;32759234
472;2021-05-08;22296081;635016;790564;3507673;32794889
473;2021-05-09;22662575;641500;791709;3520329;32817759
474;2021-05-10;22992517;646440;792386;3527251;32850135
475;2021-05-11;23340938;652675;792879;3533376;32885613
476;2021-05-12;23703665;659726;793784;3548285;32921764
477;2021-05-13;24046809;666600;795200;3565704;32960500
478;2021-05-14;24372907;672862;796390;3577040;33002717
479;2021-05-15;24684077;679279;797429;3584934;33033474
480;2021-05-16;24965463;684535;798147;3593434;33051166
481;2021-05-17;25228996;688212;798573;3598846;33076409
482;2021-05-18;25496330;693436;798955;3603055;33105324
483;2021-05-19;25772440;699227;799588;3614095;33134929
484;2021-05-20;26031991;704939;800368;3626393;33165146
485;2021-05-21;26289290;710184;801025;3635162;33193971
486;2021-05-22;26530132;715219;801672;3642244;33215184
487;2021-05-23;26752447;719258;802088;3648958;33228968
488;2021-05-24;26948874;721969;802346;3651640;33250840
489;2021-05-25;27157795;725861;802510;3653551;33275430
490;2021-05-26;27369093;730394;802723;3656177;33300026
491;2021-05-27;27555457;734526;803119;3662490;33326868
492;2021-05-28;27729247;738229;803567;3669870;33349110
493;2021-05-29;27894800;741822;804032;3675296;33362421
494;2021-05-30;28047534;744696;804382;3679148;33369775
495;2021-05-31;28175044;746487;804538;3681126;33376050
496;2021-06-01;28307832;749126;804712;3682911;33396903
497;2021-06-02;28441986;752160;804987;3687828;33413615
498;2021-06-03;28574350;754991;805302;3692468;33432011
499;2021-06-04;28694879;757583;805571;3695633;33449876
500;2021-06-05;28809339;760233;805871;3697927;33465480
501;2021-06-06;28909975;762253;806008;3700367;33471496
502;2021-06-07;28996473;763533;806089;3701484;33485566
503;2021-06-08;29089069;765414;806206;3702688;33498605
504;2021-06-09;29182532;767652;806385;3705942;33517170
505;2021-06-10;29274823;769694;806591;3709129;33531951
506;2021-06-11;29359155;771628;806790;3711569;33557101
507;2021-06-12;29439989;773569;806790;3713480;33566261
508;2021-06-13;29510410;774951;806790;3714969;33571531
509;2021-06-14;29570881;775884;807045;3715518;33583317
510;2021-06-15;29633105;777301;807102;3716170;33594046
511;2021-06-16;29700313;779008;807209;3717625;33605954
512;2021-06-17;29762793;780558;807322;3718955;33617717
513;2021-06-18;29823546;782178;807428;3720031;33638899
514;2021-06-19;29881772;783696;807428;3721139;33647951
515;2021-06-20;29935221;785002;807428;3721981;33652907
516;2021-06-21;29977861;785870;807630;3722327;33663461
517;2021-06-22;30028709;787305;807684;3722782;33674257
518;2021-06-23;30082778;789085;807775;3723798;33686922
519;2021-06-24;30134445;790759;807844;3724806;33701397
520;2021-06-25;30183143;792469;807910;3725580;33726000
521;2021-06-26;30233183;794100;807910;3726172;33735369
522;2021-06-27;30279331;795382;807910;3726710;33739991
523;2021-06-28;30316897;796383;808042;3726929;33753574
524;2021-06-29;30362848;797763;808076;3727333;33761051
525;2021-06-30;30411634;799583;808128;3728141;33776402
526;2021-07-01;30458251;801337;808160;3729033;33791522
527;2021-07-02;30502362;803112;808197;3729682;33821279
528;2021-07-03;30545433;804990;808197;3730353;33826693
529;2021-07-04;30585229;806475;808197;3730912;33830978
530;2021-07-05;30619932;807504;808262;3731124;33839880
531;2021-07-06;30663665;809172;808294;3731564;33862162
532;2021-07-07;30709557;811361;808338;3732549;33882338
533;2021-07-08;30752950;813607;808393;3733519;33903203
534;2021-07-09;30795716;815883;808437;3734468;33950795
535;2021-07-10;30837222;818341;808437;3735420;33960914
536;2021-07-11;30874376;820371;808437;3736165;33972661
537;2021-07-12;30907282;821876;808539;3736489;34002084
538;2021-07-13;30946147;824260;808556;3737135;34028615
539;2021-07-14;30987880;827452;808612;3738683;34059740
540;2021-07-15;31026829;830870;808661;3740325;34091701
541;2021-07-16;31064908;834303;808725;3741781;34169810
542;2021-07-17;31106065;838189;808725;3743389;34183912
543;2021-07-18;31144229;841290;808725;3744681;34204241
544;2021-07-19;31174322;843618;808864;3745227;34253084
545;2021-07-20;31216337;847377;808889;3746410;34292810
546;2021-07-21;31257720;852326;808945;3748613;34340546
547;2021-07-22;31293062;857725;809016;3750503;34397072
548;2021-07-23;31332159;861959;809101;3752592;34517874
549;2021-07-24;31371901;865553;809101;3754511;34546618
550;2021-07-25;31411262;870592;809101;3755898;34574590
551;2021-07-26;31440951;875301;809262;3756856;34653962
552;2021-07-27;31484605;882971;809288;3758401;34718965
553;2021-07-28;31528114;892599;809362;3761169;34792541
554;2021-07-29;31572344;903351;809427;3764311;34865086
555;2021-07-30;31613993;914182;809491;3766765;35056531
556;2021-07-31;31655824;926604;809491;3769165;35100422
557;2021-08-01;31695958;936852;809491;3771262;35144991
558;2021-08-02;31726507;945330;809646;3772109;35253352
559;2021-08-03;31769132;957431;809672;3773875;35351106
560;2021-08-04;31812114;971743;809731;3777446;35453552
561;2021-08-05;31856757;987060;809803;3780985;35563239
562;2021-08-06;31895385;1002867;809855;3784433;35815135
563;2021-08-07;31934455;1018688;809855;3787639;35878140
564;2021-08-08;31969954;1033214;809855;3790766;35913016
565;2021-08-09;31998158;1045392;810011;3791949;36072803
566;2021-08-10;32036511;1056125;810046;3794429;36190605
567;2021-08-11;32077706;1072153;810126;3799425;36345057
568;2021-08-12;32117826;1091187;810212;3805063;36489143
569;2021-08-13;32156493;1111683;810316;3810641;36715949
570;2021-08-14;32192576;1131986;810316;3816285;36789016
571;2021-08-15;32225513;1149874;810316;3821013;36835804
572;2021-08-16;32250679;1164881;810504;3823139;37030159
573;2021-08-17;32285857;1184986;810549;3827051;37180751
574;2021-08-18;32322258;1209082;810658;3835375;37348354
575;2021-08-19;32358829;1234423;810781;3843775;37503575
576;2021-08-20;32393286;1260415;810781;3853055;37742650
577;2021-08-21;32424234;1286077;810781;3861147;37834846
578;2021-08-22;32449306;1308422;810781;3868197;37879049
579;2021-08-23;32474773;1325346;811121;3871865;38087274
580;2021-08-24;32512366;1347015;811203;3877612;38241736
581;2021-08-25;32558530;1371426;811337;3889173;38420719
582;2021-08-26;32603188;1396464;811517;3901799;38604490
583;2021-08-27;32649947;1420783;811706;3913828;38843162
584;2021-08-28;32695030;1443642;811706;3924131;38922051
585;2021-08-29;32737939;1462979;811706;3932547;38974063
586;2021-08-30;32768880;1476653;812227;3937106;39203277
587;2021-08-31;32810845;1494372;812337;3942856;39383238
588;2021-09-01;32857937;1514400;812531;3956387;39573756
589;2021-09-02;32903289;1532616;812793;3970102;39752892
590;2021-09-03;32945907;1549337;813040;3984353;39988336
591;2021-09-04;32988673;1565351;813040;3995188;40074244
592;2021-09-05;33027621;1578258;813040;4005641;40137749
593;2021-09-06;33058843;1586482;813688;4010390;40231491
594;2021-09-07;33096718;1597089;813818;4017116;40440659
595;2021-09-08;33139981;1609477;814064;4030681;40617585
596;2021-09-09;33174954;1619873;814409;4046112;40784004
597;2021-09-10;33208330;1628732;814732;4059081;41026016
598;2021-09-11;33236921;1637534;814732;4070295;41115147
599;2021-09-12;33264175;1644747;814732;4077640;41163499
600;2021-09-13;33289579;1648920;815605;4083151;41374278
601;2021-09-14;33316755;1655199;815851;4089476;41519682
602;2021-09-15;33347325;1662008;816222;4101931;41692935
603;2021-09-16;33381728;1667699;816680;4114856;41851714
604;2021-09-17;33417390;1672812;817159;4125878;42062577
605;2021-09-18;33448163;1677512;817159;4134779;42137550
606;2021-09-19;33478419;1680908;817159;4142116;42182422
607;2021-09-20;33504534;1683129;818231;4145852;42354226
608;2021-09-21;33531498;1684899;818520;4150516;42475964
609;2021-09-22;33563421;1688142;819021;4160970;42607315
610;2021-09-23;33594803;1691743;819547;4171666;42736482
611;2021-09-24;33624419;1693838;820078;4181393;42911248
612;2021-09-25;33652745;1696508;820078;4188604;42971743
613;2021-09-26;33678786;1698644;820078;4196378;43026060
614;2021-09-27;33697581;1699792;821261;4199400;43182007
615;2021-09-28;33716451;1701514;821526;4203571;43294759
616;2021-09-29;33739980;1703497;822072;4215351;43416148
617;2021-09-30;33766707;1705072;822705;4227501;43526534
618;2021-10-01;33791061;1706516;823384;4237619;43681364
619;2021-10-02;33813903;1707759;823384;4246136;43729568
620;2021-10-03;33834702;1708726;823384;4252300;43774347
621;2021-10-04;33853048;1709325;824876;4255388;43917262
622;2021-10-05;33871881;1710304;825170;4260187;44012495
623;2021-10-06;33894312;1711429;825799;4271734;44124669
624;2021-10-07;33915569;1712401;826636;4283378;44226197
625;2021-10-08;33935309;1713228;827410;4293807;44357613
626;2021-10-09;33953475;1714002;827410;4302661;44396440
627;2021-10-10;33971607;1714555;827410;4310273;44436110
628;2021-10-11;33985920;1714924;829456;4313384;44532173
629;2021-10-12;34001743;1715531;829911;4318355;44642779
630;2021-10-13;34020730;1716262;830725;4330258;44751242
631;2021-10-14;34037592;1716879;831866;4342640;44838188
632;2021-10-15;34053573;1717396;833115;4354158;44947669
633;2021-10-16;34067719;1717896;833115;4365107;44987453
634;2021-10-17;34081315;1718324;833115;4373789;45019110
635;2021-10-18;34094373;1718554;836389;4377845;45118061
636;2021-10-19;34108996;1718925;837248;4384616;45199978
637;2021-10-20;34127450;1719313;838916;4401631;45291598
638;2021-10-21;34143236;1719656;841277;4417708;45369682
639;2021-10-22;34159562;1719980;843825;4437280;45465634
640;2021-10-23;34175468;1720263;843825;4452425;45498054
641;2021-10-24;34189774;1720495;843825;4466157;45517224
642;2021-10-25;34202202;1720646;850513;4472730;45629796
643;2021-10-26;34215653;1720956;852214;4483203;45696453
644;2021-10-27;34231809;1721266;855339;4506415;45799015
645;2021-10-28;34246157;1721539;859378;4534452;45874110
646;2021-10-29;34260470;1721831;863419;4559120;45969216
647;2021-10-30;34273300;1722115;863419;4580663;46003511
648;2021-10-31;34285814;1722343;863419;4597550;46035837
649;2021-11-01;34296237;1722427;874630;4607208;46149089
650;2021-11-02;34308140;1722648;876497;4618021;46217836
651;2021-11-03;34321025;1722912;879092;4638419;46303430
652;2021-11-04;34333754;1723070;885360;4672368;46384868
653;2021-11-05;34344683;1723295;892164;4709488;46481725
654;2021-11-06;34355509;1723525;892164;4743490;46516587
655;2021-11-07;34366987;1723682;892164;4767033;46553415
656;2021-11-08;34377113;1723782;909998;4782546;46664163
657;2021-11-09;34388579;1723976;914586;4804378;46742524
658;2021-11-10;34401670;1724172;923020;4844054;46837594
659;2021-11-11;34414186;1724379;931414;4894250;46895238
660;2021-11-12;34426036;1724573;939784;4942890;47038748
661;2021-11-13;34437307;1724767;939784;4987971;47082700
662;2021-11-14;34447536;1724893;939784;5021469;47114612
663;2021-11-15;34456401;1724967;960844;5045076;47248648
664;2021-11-16;34466598;1725111;966167;5077124;47335919
665;2021-11-17;34478517;1725310;976432;5129950;47448766
666;2021-11-18;34489623;1725458;987199;5195321;47558594
667;2021-11-19;34499925;1725611;998488;5248291;47685469
668;2021-11-20;34510413;1725715;998488;5312215;47730830
669;2021-11-21;34518901;1725850;998488;5354942;47770662
670;2021-11-22;34526480;1725894;1025697;5385585;47915277
671;2021-11-23;34535763;1726001;1032215;5430911;48006622
672;2021-11-24;34544882;1726074;1044852;5497795;48118202
673;2021-11-25;34555431;1726186;1057017;5573756;48157521
674;2021-11-26;34563749;1726299;1068888;5650170;48210942
675;2021-11-27;34572523;1726419;1068888;5717295;48237480
676;2021-11-28;34580832;1726479;1068888;5761696;48280629
677;2021-11-29;34587822;1726555;1096718;5791060;48466921
678;2021-11-30;34596776;1726636;1103108;5836813;48584027
679;2021-12-01;34606541;1726751;1114260;5903999;48721141
680;2021-12-02;34615757;1726864;1124726;5977208;48859993
681;2021-12-03;34624360;1727005;1134869;6051560;49018605
682;2021-12-04;34624360;1727125;1134869;6116070;49084946
683;2021-12-05;34641561;1727229;1134869;6158125;49140130
684;2021-12-06;34648383;1727283;1157568;6185961;49317816
685;2021-12-07;34656822;1727382;1161879;6222020;49431076
686;2021-12-08;34666241;1727504;1168728;6291621;49580988
687;2021-12-09;34674643;1727658;1176038;6362232;49705518
688;2021-12-10;34682633;1727794;1182922;6423520;49863728
689;2021-12-11;34690510;1727925;1182922;6477217;49920316
690;2021-12-12;34697860;1728023;1182922;6509863;49972625
691;2021-12-13;34703644;1728090;1198939;6531606;50158111
692;2021-12-14;34710628;1728218;1202514;6562429;50270931
693;2021-12-15;34718602;1728377;1208020;6613730;50416777
694;2021-12-16;34726049;1728540;1213318;6670407;50558508
695;2021-12-17;34726049;1728701;1218295;6721375;50751164
696;2021-12-18;34733194;1728880;1218295;6764188;50830924
697;2021-12-19;34746838;1729030;1218295;6793536;50920124
698;2021-12-20;34752164;1729139;1228400;6809622;51160166
699;2021-12-21;34758481;1729357;1230385;6833050;51339581
700;2021-12-22;34765976;1729577;1233744;6878709;51583323
701;2021-12-23;34772626;1729824;1237330;6923636;51853085
702;2021-12-24;34779815;1730084;1237330;6959067;52101608
703;2021-12-25;34786802;1730347;1237330;6981281;52188263
704;2021-12-26;34793333;1730572;1237330;6991381;52366649
705;2021-12-27;34799691;1730735;1245319;7005289;52867219
706;2021-12-28;34808886;1731048;1246689;7026369;53229255
707;2021-12-29;34822040;1731446;1249694;7066412;53731367
708;2021-12-30;34838804;1731878;1253055;7109182;54322064
709;2021-12-31;34861579;1732296;1256415;7150422;54835685
710;2022-01-01;34889132;1732752;1256415;7176814;55024448
711;2022-01-02;34922882;1733229;1256415;7189329;55310405
712;2022-01-03;34960261;1733901;1262280;7207847;56355361
713;2022-01-04;35018358;1735050;1264709;7238408;57167584
714;2022-01-05;35109286;1737540;1269979;7297320;57830190
715;2022-01-06;35226386;1741837;1276433;7361660;58665223
716;2022-01-07;35368372;1747907;1282957;7417995;59534979
717;2022-01-08;35528004;1756209;1282957;7473884;59932672
718;2022-01-09;35707727;1764280;1282957;7510436;60417703
719;2022-01-10;35875790;1770545;1297612;7535691;61801616
720;2022-01-11;36070510;1776780;1300994;7581381;62589010
721;2022-01-12;36317927;1789824;1308877;7661811;63437652
722;2022-01-13;36582129;1808501;1318093;7743228;64298999
723;2022-01-14;36850962;1830381;1327014;7835451;65179067
724;2022-01-15;37122164;1856002;1327014;7913473;65587392
725;2022-01-16;37380253;1881481;1327014;7965977;66067198
726;2022-01-17;37618271;1902304;1348233;8000122;66742339
727;2022-01-18;37901241;1934391;1355084;8074527;67871860
728;2022-01-19;38218773;1975761;1369974;8186850;68779993
729;2022-01-20;38566027;2021758;1385500;8320386;69512599
730;2022-01-21;38903731;2071471;1401457;8460546;70353700
731;2022-01-22;39237264;2125882;1401457;8596007;70656216
732;2022-01-23;39543328;2175719;1401457;8681447;71021670
733;2022-01-24;39799202;2220382;1441385;8744840;71943834
734;2022-01-25;40085116;2282871;1451102;8871795;72436931
735;2022-01-26;40371500;2354358;1471276;9035795;73061000
736;2022-01-27;40622709;2433094;1490489;9238931;73567263
737;2022-01-28;40858241;2514804;1508358;9429079;74181343
738;2022-01-29;41092522;2599599;1508358;9618245;74359970
739;2022-01-30;41302440;2677602;1508358;9737215;74557934
740;2022-01-31;41469499;2738460;1553405;9815533;75100179
741;2022-02-01;41630885;2820053;1562827;9978146;75425593
742;2022-02-02;41803318;2914824;1582517;10186644;75755134
743;2022-02-03;41952712;3019169;1600411;10422764;76029946
744;2022-02-04;42080664;3117346;1616846;10671602;76384918
745;2022-02-05;42188138;3219621;1616846;10889417;76471349
746;2022-02-06;42272014;3309439;1616846;11022590;76554826
747;2022-02-07;42339611;3377378;1650562;11117857;76901267
748;2022-02-08;42410976;3478462;1657615;11287428;77115639
749;2022-02-09;42478060;3576261;1671547;11521678;77304046
750;2022-02-10;42536137;3675865;1684432;11769540;77475459
751;2022-02-11;42586544;3774164;1695991;12009712;77684778
752;2022-02-12;42631421;3842551;1695991;12219501;77736645
753;2022-02-13;42665534;3919931;1695991;12344661;77794966
754;2022-02-14;42692943;3979984;1717072;12421126;77965147
755;2022-02-15;42723558;4064142;1721483;12580343;78076319
756;2022-02-16;42754315;4155027;1730366;12800315;78191136
757;2022-02-17;42780235;4250142;1738944;13035941;78292827
758;2022-02-18;42802505;4337780;1746424;13255989;78437997
759;2022-02-19;42822473;4419254;1746424;13445094;78469403
760;2022-02-20;42838524;4490748;1746424;13563126;78492408
761;2022-02-21;42851929;4542657;1759685;13636993;78575298
762;2022-02-22;42867031;4612104;1762878;13762895;78664633
763;2022-02-23;42881179;4692406;1769164;13971947;78749771
764;2022-02-24;42894345;4753558;1774676;14188269;78816843
765;2022-02-25;42905844;4819151;1779174;14399012;78891215
766;2022-02-26;42916117;4891242;1779174;14574845;78938627
767;2022-02-27;42924130;4954865;1779174;14682758;78956847
768;2022-02-28;42931045;5005881;1787544;14745107;79055765
769;2022-03-01;42938599;5071249;1789581;14867218;79102472
770;2022-03-02;42945160;5143818;1793120;15053624;79155873
771;2022-03-03;42951556;5214086;1796982;15264297;79204481
772;2022-03-04;42957477;5277655;1800046;15481890;79255738
773;2022-03-05;42962953;5341246;1800046;15674100;79270657
774;2022-03-06;42967315;5395143;1800046;15790989;79283051
775;2022-03-07;42971308;5432145;1805898;15869417;79347132
776;2022-03-08;42975883;5486083;1807285;16026216;79376887
777;2022-03-09;42980067;5549755;1809917;16242070;79414588
778;2022-03-10;42984261;5610818;1812294;16504822;79461166
779;2022-03-11;42987875;5666630;1814362;16757658;79510871
780;2022-03-12;42990991;5721856;1814362;16994744;79521089
781;2022-03-13;42993494;5772715;1814362;17141351;79532139
782;2022-03-14;42996062;5805074;1814362;17233729;79567523
783;2022-03-15;42998938;5855769;1814362;17432617;79591898
784;2022-03-16;43001477;5913591;1819264;17695210;79638027
785;2022-03-17;43004005;5967069;1820767;17990141;79691199
786;2022-03-18;43006080;6016178;1824089;18287986;79722557
787;2022-03-19;43007841;6060771;1824089;18548225;79733436
788;2022-03-20;43009390;6100331;1824089;18680017;79744887
789;2022-03-21;43010971;6127897;1829928;18772331;79787156
790;2022-03-22;43012749;6148049;1831423;18994411;79811718
791;2022-03-23;43014687;6188977;1834268;19278143;79852729
792;2022-03-24;43016372;6238527;1836919;19596530;79895723
793;2022-03-25;43018032;6285894;1839358;19893028;79942159
794;2022-03-26;43019453;6333118;1839358;20145054;79951593
795;2022-03-27;43020723;6376338;1839358;20256278;79963383
796;2022-03-28;43021982;6406058;1844581;20323779;80002353
797;2022-03-29;43023215;6450423;1846311;20561131;80026534
798;2022-03-30;43024440;6504032;1849217;20829608;80065716
799;2022-03-31;43025775;6555585;1851871;21357095;80111350
800;2022-04-01;43027035;6604726;1854198;21357039;80143568
801;2022-04-02;43028131;6653421;1854198;21553495;80155375
802;2022-04-03;43029044;6700637;1854198;21668677;80160130
803;2022-04-04;43029839;6730654;1854198;21668677;80189034
804;2022-04-05;43030925;6776236;1860159;21849074;80214637
805;2022-04-06;43031958;6830997;1863039;22265788;80255584
806;2022-04-07;43033067;6885876;1865607;22441051;80306222
807;2022-04-08;43034217;6937720;1868007;22591726;80381248
808;2022-04-09;43035271;6990349;1868007;22647197;80393960
809;2022-04-10;43036132;7039397;1868007;22677986;80403492
810;2022-04-11;43036928;7072493;1872664;22878428;80443833
811;2022-04-12;43038016;7122173;1874206;23017079;80479577
812;2022-04-13;43039023;7179839;1876946;23182447;80534967
813;2022-04-14;43039972;7235040;1879480;23339311;80585631
814;2022-04-15;43040947;7284737;1879480;23376879;80621069
815;2022-04-16;43042097;7332261;1879480;23416663;80633405
816;2022-04-17;43044280;7371466;1879480;23437145;80640908
817;2022-04-18;43045527;7395608;1879480;23459628;80702296
818;2022-04-19;43047594;7436434;1884458;23658211;80741558
819;2022-04-20;43049974;7484263;1885865;23844536;80810497
820;2022-04-21;43052425;7531317;1888906;24006254;80872193
821;2022-04-22;43054952;7574215;1890953;24141333;80962245
822;2022-04-23;43057545;7618107;1890953;24180512;80981977
823;2022-04-24;43060086;7656600;1890953;24200596;80995465
824;2022-04-25;43060097;7681363;1894278;24337394;81065669
825;2022-04-26;43065496;7721795;1895677;24337394;81111019
826;2022-04-27;43068799;7767997;1897897;24609159;81201034
827;2022-04-28;43072176;7809668;1899633;24710769;81278389
828;2022-04-29;43075864;7846274;1901017;24798067;81339578
829;2022-04-30;43079188;7871253;1901017;24809785;81363558
830;2022-05-01;43082345;7898133;1901017;24813817;81380258
831;2022-05-02;43084913;7917391;1903200;24927339;81474963
832;2022-05-03;43088118;7947818;1903200;25033970;81524549
833;2022-05-04;43091393;7974232;1903200;25130137;81636574
834;2022-05-05;43094938;7994944;1903200;25215210;81725122
835;2022-05-06;43098743;8016485;1903200;25287462;81853878
836;2022-05-07;43102194;8055713;1903200;25295950;81881696
837;2022-05-08;43105401;8098119;1903200;25299300;81887457
838;2022-05-09;43107689;8126472;1903200;25406868;82017464
839;2022-05-10;43110586;8168462;1903200;25503878;82087703
840;2022-05-11;43113413;8214311;1909948;25592839;82247881
841;2022-05-12;43116254;8255959;1909948;25661838;82361856
842;2022-05-13;43119112;8295529;1909948;25723697;82449226
843;2022-05-14;43121599;8334859;1909948;25729848;82466269
844;2022-05-15;43123801;8369751;1909948;25732153;82498369
845;2022-05-16;43125370;8391424;1909948;25818405;82677072
846;2022-05-17;43127199;8428219;1909948;25890456;82761646
847;2022-05-18;43129563;8470287;1914697;25949175;82965394
848;2022-05-19;43131822;8509857;1914697;25998085;83100539
849;2022-05-20;43134145;8547200;1914697;26040460;83249567
850;2022-05-21;43136371;8583048;1914697;26044283;83276477
851;2022-05-22;43138393;8614387;1914697;26045528;83296032
852;2022-05-23;43140068;8632778;1914697;26109965;83438446
853;2022-05-24;43142192;8665068;1914697;26159106;83521391
854;2022-05-25;43144820;8700168;1917777;26198811;83731365
855;2022-05-26;43147530;8731080;1917777;26200663;83876716
856;2022-05-27;43150215;8758532;1917777;26240639;83984555
857;2022-05-28;43153043;8784188;1917777;26243352;83997048
858;2022-05-29;43155749;8804886;1917777;26244107;84001587
859;2022-05-30;43158087;8816943;1917777;26305996;84061301
860;2022-05-31;43160832;8838747;1917777;26360953;84228228
861;2022-06-01;43164544;8861405;1919840;26409455;84451901
862;2022-06-02;43168585;8881491;1919840;26452148;84570325
863;2022-06-03;43172547;8900748;1919840;26493235;84724329
864;2022-06-04;43176817;8918984;1919840;26493235;84748884
865;2022-06-05;43181335;8934078;1919840;26496611;84762022
866;2022-06-06;43185049;8943156;1919840;26498361;84882287
867;2022-06-07;43190282;8960177;1919840;26583016;85003945
868;2022-06-08;43197522;8978571;1921486;26660652;85214036
869;2022-06-09;43205106;8995359;1921486;26738530;85329656
870;2022-06-10;43213435;9010943;1921486;26803867;85468816
871;2022-06-11;43222017;9026281;1921486;26803867;85500976
